{
  "stream":"snd/sprite",
  "sprite": {
    "silence": [
      0,
      100,
      true
    ],
    "btnClick": [
      200,
      597.936507936508
    ],
    "dies": [
      1299.9999999999998,
      2139.138321995465
    ],
    "move": [
      4399.999999999999,
      84.35374149659847
    ]
  }
}
