{ "stream":"snd/sprite", "sprite": { "silence": [ 0, 100, true ], "collected": [ 200, 3000 ], "deal": [ 3300.0000000000005, 212.69841269841282 ], "fon": [ 4400, 77269.56916099774 ], "put": [ 82500, 229.93197278911737 ], "take": [ 83600.00000000001, 154.3083900226776 ] } }
