{
  "stream":"snd/sprite",
  "sprite": {
    "silence": [
      0,
      100,
      true
    ],
    "BackgroundSound": [
      200,
      40874.55782312925
    ],
    "BirdsSound": [
      41300.00000000001,
      2446.802721088439
    ],
    "BuildingExitSound_3": [
      44400.00000000001,
      1458.6848072562334
    ],
    "BuildingExitSound_race1_1": [
      46500,
      1322.9931972789118
    ],
    "BuildingExitSound_race1_2": [
      48600,
      3792.653061224492
    ],
    "BuildingExitSound_race2_1": [
      52700,
      1322.9931972789118
    ],
    "BuildingExitSound_race2_2": [
      54800.00000000001,
      3792.653061224492
    ],
    "BuildingExitSound_race3_1": [
      58900.00000000001,
      1322.9931972789118
    ],
    "BuildingExitSound_race3_2": [
      61000.00000000001,
      3792.653061224492
    ],
    "CheerSound": [
      65100.00000000001,
      3527.9818594104313
    ],
    "DefeatSound": [
      69200,
      2816.326530612244
    ],
    "DesertSound": [
      72300,
      20649.07029478458
    ],
    "EagleSound": [
      93399.99999999999,
      3641.179138322002
    ],
    "FinalSound": [
      97500,
      28848.979591836738
    ],
    "FireBallFlySound": [
      126600.00000000001,
      6919.546485260767
    ],
    "FireBallHitSound": [
      133700.00000000003,
      1322.9931972789188
    ],
    "FireworkSound": [
      135800,
      5171.700680272096
    ],
    "GolemSound_race1": [
      141900,
      3641.179138322002
    ],
    "GolemSound_race2": [
      146000,
      3641.179138322002
    ],
    "GolemSound_race3": [
      150100,
      3238.095238095241
    ],
    "HypnoseSound": [
      154200,
      1458.6848072562475
    ],
    "LightningHitSound": [
      156300,
      1996.1904761904634
    ],
    "LightningIntroSound": [
      158400,
      15098.775510204092
    ],
    "MonsterPawHitSound1": [
      174500.00000000003,
      2708.9342403628225
    ],
    "MonsterPawHitSound2": [
      177600.00000000006,
      2708.9342403628225
    ],
    "MonsterPawHitSound3": [
      180700.0000000001,
      2708.9342403628225
    ],
    "MonsterShootSound1": [
      183800.0000000001,
      3291.4285714285825
    ],
    "MonsterShootSound2": [
      187900.00000000012,
      2761.904761904759
    ],
    "MonsterShootSound3": [
      191000.00000000012,
      3291.4285714285825
    ],
    "MountainSound": [
      195100.00000000015,
      14204.081632653071
    ],
    "QuakeSound": [
      210200.00000000015,
      12790.929705215432
    ],
    "RiverSound": [
      223300.00000000017,
      6570.702947845803
    ],
    "ShieldSound": [
      230400.00000000017,
      2761.904761904759
    ],
    "SupportSound": [
      233500.00000000017,
      2381.8594104308486
    ],
    "SwampSound": [
      236600.0000000002,
      7136.145124716563
    ],
    "TowerShootSound": [
      244700.0000000002,
      2708.9342403628225
    ],
    "TreesSound": [
      247800.00000000023,
      10435.192743764163
    ],
    "TwisterSound": [
      258900.0000000002,
      11271.655328798204
    ]
  }
}